team1,team2,team1_winrate,team2_winrate,draw_rate,team1_score_mean,team1_score_std,team2_score_mean,team2_score_std,score_diff_mean,score_diff_std,natural,trunc_lead,trunc_tie,deterministic
IPPO,MAPPO,1.0,0.0,0.0,28.0,0.0,-28.0,0.0,56.0,0.0,5,0,0,True
MAPPO,IPPO,0.0,1.0,0.0,-24.0,0.0,18.0,0.0,-42.0,0.0,5,0,0,True
IPPO,QMIX,1.0,0.0,0.0,24.0,0.0,-24.0,0.0,48.0,0.0,0,5,0,True
QMIX,IPPO,1.0,0.0,0.0,32.0,0.0,-34.0,0.0,66.0,0.0,5,0,0,True
IPPO,IPPO_PIXEL,1.0,0.0,0.0,4.0,0.0,-312.0,0.0,316.0,0.0,0,5,0,True
IPPO_PIXEL,IPPO,0.0,1.0,0.0,-314.0,0.0,2.0,0.0,-316.0,0.0,0,5,0,True
IPPO,MAPPO_PIXEL,1.0,0.0,0.0,0.0,0.0,-322.0,0.0,322.0,0.0,0,5,0,True
MAPPO_PIXEL,IPPO,0.0,1.0,0.0,-312.0,0.0,4.0,0.0,-316.0,0.0,0,5,0,True
IPPO,IPPO_POOL,0.0,1.0,0.0,-4.0,0.0,2.0,0.0,-6.0,0.0,0,5,0,True
IPPO_POOL,IPPO,1.0,0.0,0.0,4.0,0.0,-4.0,0.0,8.0,0.0,0,5,0,True
IPPO,MAPPO_POOL,1.0,0.0,0.0,12.0,0.0,-12.0,0.0,24.0,0.0,5,0,0,True
MAPPO_POOL,IPPO,0.0,1.0,0.0,-6.0,0.0,6.0,0.0,-12.0,0.0,0,5,0,True
IPPO,RANDOM,1.0,0.0,0.0,12.4,5.571355310873647,-12.4,5.571355310873647,24.8,11.142710621747295,4,1,0,False
RANDOM,IPPO,0.8,0.2,-5.551115123125783e-17,6.4,6.974238309665077,-6.4,6.974238309665077,12.8,13.948476619330155,4,1,0,False
MAPPO,QMIX,0.0,1.0,0.0,-42.0,0.0,42.0,0.0,-84.0,0.0,5,0,0,True
QMIX,MAPPO,0.0,0.0,1.0,0.0,0.0,0.0,0.0,0.0,0.0,0,0,5,True
MAPPO,IPPO_PIXEL,1.0,0.0,0.0,0.0,0.0,-302.0,0.0,302.0,0.0,0,5,0,True
IPPO_PIXEL,MAPPO,0.0,1.0,0.0,-310.0,0.0,-2.0,0.0,-308.0,0.0,0,5,0,True
MAPPO,MAPPO_PIXEL,1.0,0.0,0.0,0.0,0.0,-326.0,0.0,326.0,0.0,0,5,0,True
MAPPO_PIXEL,MAPPO,0.0,1.0,0.0,-324.0,0.0,0.0,0.0,-324.0,0.0,0,5,0,True
MAPPO,IPPO_POOL,0.0,1.0,0.0,-36.0,0.0,34.0,0.0,-70.0,0.0,5,0,0,True
IPPO_POOL,MAPPO,1.0,0.0,0.0,26.0,0.0,-30.0,0.0,56.0,0.0,0,5,0,True
MAPPO,MAPPO_POOL,0.0,1.0,0.0,-30.0,0.0,22.0,0.0,-52.0,0.0,5,0,0,True
MAPPO_POOL,MAPPO,0.0,0.0,1.0,0.0,0.0,0.0,0.0,0.0,0.0,0,0,5,True
MAPPO,RANDOM,0.0,1.0,0.0,-18.0,2.1908902300206643,18.0,2.1908902300206643,-36.0,4.381780460041329,1,4,0,False
RANDOM,MAPPO,1.0,0.0,0.0,24.8,5.878775382679627,-24.8,5.878775382679627,49.6,11.757550765359253,3,2,0,False
QMIX,IPPO_PIXEL,1.0,0.0,0.0,0.0,0.0,-308.0,0.0,308.0,0.0,0,5,0,True
IPPO_PIXEL,QMIX,0.0,1.0,0.0,-310.0,0.0,-2.0,0.0,-308.0,0.0,0,5,0,True
QMIX,MAPPO_PIXEL,1.0,0.0,0.0,0.0,0.0,-326.0,0.0,326.0,0.0,0,5,0,True
MAPPO_PIXEL,QMIX,0.0,1.0,0.0,-324.0,0.0,0.0,0.0,-324.0,0.0,0,5,0,True
QMIX,IPPO_POOL,1.0,0.0,0.0,28.0,0.0,-28.0,0.0,56.0,0.0,5,0,0,True
IPPO_POOL,QMIX,1.0,0.0,0.0,8.0,0.0,-8.0,0.0,16.0,0.0,0,5,0,True
QMIX,MAPPO_POOL,0.0,1.0,0.0,-14.0,0.0,12.0,0.0,-26.0,0.0,0,5,0,True
MAPPO_POOL,QMIX,0.0,1.0,0.0,-2.0,0.0,2.0,0.0,-4.0,0.0,0,5,0,True
QMIX,RANDOM,0.2,0.6,0.20000000000000007,-6.8,12.812493902437575,6.8,12.812493902437575,-13.6,25.62498780487515,1,3,1,False
RANDOM,QMIX,0.8,0.2,-5.551115123125783e-17,10.4,10.229369482035539,-10.4,10.229369482035539,20.8,20.458738964071078,1,4,0,False
IPPO_PIXEL,MAPPO_PIXEL,0.0,1.0,0.0,-326.0,0.0,-2.0,0.0,-324.0,0.0,0,5,0,True
MAPPO_PIXEL,IPPO_PIXEL,0.0,0.0,1.0,0.0,0.0,0.0,0.0,0.0,0.0,0,0,5,True
IPPO_PIXEL,IPPO_POOL,0.0,1.0,0.0,-310.0,0.0,-2.0,0.0,-308.0,0.0,0,5,0,True
IPPO_POOL,IPPO_PIXEL,1.0,0.0,0.0,-2.0,0.0,-298.0,0.0,296.0,0.0,0,5,0,True
IPPO_PIXEL,MAPPO_POOL,0.0,1.0,0.0,-42.0,0.0,42.0,0.0,-84.0,0.0,5,0,0,True
MAPPO_POOL,IPPO_PIXEL,1.0,0.0,0.0,14.0,0.0,-14.0,0.0,28.0,0.0,0,5,0,True
IPPO_PIXEL,RANDOM,0.0,1.0,0.0,-272.0,41.933280339129205,1.2,2.7129319932501073,-273.2,39.63029144480267,0,5,0,False
RANDOM,IPPO_PIXEL,1.0,0.0,0.0,2.0,4.1952353926806065,-312.8,14.729562111617575,314.8,10.777754868245983,0,5,0,False
MAPPO_PIXEL,IPPO_POOL,0.0,1.0,0.0,-324.0,0.0,0.0,0.0,-324.0,0.0,0,5,0,True
IPPO_POOL,MAPPO_PIXEL,1.0,0.0,0.0,0.0,0.0,-324.0,0.0,324.0,0.0,0,5,0,True
MAPPO_PIXEL,MAPPO_POOL,0.0,1.0,0.0,-322.0,0.0,0.0,0.0,-322.0,0.0,0,5,0,True
MAPPO_POOL,MAPPO_PIXEL,1.0,0.0,0.0,0.0,0.0,-326.0,0.0,326.0,0.0,0,5,0,True
MAPPO_PIXEL,RANDOM,0.0,1.0,0.0,-319.6,4.963869458396343,0.0,1.2649110640673518,-319.6,4.079215610874228,0,5,0,False
RANDOM,MAPPO_PIXEL,1.0,0.0,0.0,0.0,0.0,-326.0,0.0,326.0,0.0,0,5,0,True
IPPO_POOL,MAPPO_POOL,0.0,1.0,0.0,-2.0,0.0,2.0,0.0,-4.0,0.0,0,5,0,True
MAPPO_POOL,IPPO_POOL,1.0,0.0,0.0,20.0,0.0,-28.0,0.0,48.0,0.0,5,0,0,True
IPPO_POOL,RANDOM,0.6,0.4,0.0,8.4,11.892854997854805,-8.4,11.892854997854805,16.8,23.78570999570961,5,0,0,False
RANDOM,IPPO_POOL,1.0,0.0,0.0,12.8,5.878775382679628,-12.8,5.878775382679628,25.6,11.757550765359255,5,0,0,False
MAPPO_POOL,RANDOM,0.8,0.2,-5.551115123125783e-17,8.0,11.454256850621082,-8.0,11.454256850621082,16.0,22.908513701242164,1,4,0,False
RANDOM,MAPPO_POOL,0.6,0.2,0.2,4.4,4.454211490264018,-4.4,4.454211490264018,8.8,8.908422980528035,2,2,1,False
